Symbol,Security,GICS Sector,GICS Sub-Industry,Headquarters Location,Date first added,CIK,Founded
A,Agilent Technologies,Health Care,Health Care Equipment,"Santa Clara, California",2000/6/5,1090872,1999
AAL,American Airlines Group,Industrials,Airlines,"Fort Worth, Texas",2015/3/23,6201,1934
AAP,Advance Auto Parts,Consumer Discretionary,Automotive Retail,"Raleigh, North Carolina",2015/7/9,1158449,1932
AAPL,Apple,Information Technology,"Technology Hardware, Storage & Peripherals","Cupertino, California",1982/11/30,320193,1977
ABBV,AbbVie,Health Care,Pharmaceuticals,"North Chicago, Illinois",2012/12/31,1551152,2013 (1888)
ABC,AmerisourceBergen,Health Care,Health Care Distributors,"Chesterbrook, Pennsylvania",2001/8/30,1140859,1985
ABMD,Abiomed,Health Care,Health Care Equipment,"Danvers, Massachusetts",2018/5/31,815094,1981
ABT,Abbott,Health Care,Health Care Equipment,"North Chicago, Illinois",1964/3/31,1800,1888
ACN,Accenture,Information Technology,IT Consulting & Other Services,"Dublin, Ireland",2011/7/6,1467373,1989
ADBE,Adobe,Information Technology,Application Software,"San Jose, California",1997/5/5,796343,1982
ADI,Analog Devices,Information Technology,Semiconductors,"Wilmington, Massachusetts",1999/10/12,6281,1965
ADM,ADM,Consumer Staples,Agricultural Products,"Chicago, Illinois",1981/7/29,7084,1902
ADP,ADP,Information Technology,Data Processing & Outsourced Services,"Roseland, New Jersey",1981/3/31,8670,1949
ADSK,Autodesk,Information Technology,Application Software,"San Rafael, California",1989/12/1,769397,1982
AEE,Ameren,Utilities,Multi-Utilities,"St. Louis, Missouri",1991/9/19,1002910,1902
AEP,American Electric Power,Utilities,Electric Utilities,"Columbus, Ohio",1957/3/4,4904,1906
AES,AES,Utilities,Independent Power Producers & Energy Traders,"Arlington, Virginia",1998/10/2,874761,1981
AFL,Aflac,Financials,Life & Health Insurance,"Columbus, Georgia",1999/5/28,4977,1955
AIG,AIG,Financials,Property & Casualty Insurance,"New York City, New York",1980/3/31,5272,1919
AIZ,Assurant,Financials,Multi-line Insurance,"New York City, New York",2007/4/10,1267238,1892
AJG,Gallagher,Financials,Insurance Brokers,"Rolling Meadows, Illinois",2016/5/31,354190,1927
AKAM,Akamai,Information Technology,Internet Services & Infrastructure,"Cambridge, Massachusetts",2007/7/12,1086222,1998
ALB,Albemarle,Materials,Specialty Chemicals,"Charlotte, North Carolina",2016/7/1,915913,1994
ALGN,Align,Health Care,Health Care Supplies,"San Jose, California",2017/6/19,1097149,1997
ALK,Alaska Air Group,Industrials,Airlines,"Seattle, Washington",2016/5/13,766421,1985
ALL,Allstate,Financials,Property & Casualty Insurance,"Northfield Township, Illinois",1995/7/13,899051,1931
ALLE,Allegion,Industrials,Building Products,"New York City, New York",2013/12/2,1579241,1908
AMAT,Applied Materials,Information Technology,Semiconductor Equipment,"Santa Clara, California",1995/3/16,6951,1967
AMCR,Amcor,Materials,Paper Packaging,"Warmley, Bristol, United Kingdom",2019/6/7,1748790,2019 (1860)
AMD,AMD,Information Technology,Semiconductors,"Santa Clara, California",,2488,1969
AME,Ametek,Industrials,Electrical Components & Equipment,"Berwyn, Pennsylvania",2013/9/23,1037868,1930
AMGN,Amgen,Health Care,Biotechnology,"Thousand Oaks, California",1992/1/2,318154,1980
AMP,Ameriprise Financial,Financials,Asset Management & Custody Banks,"Minneapolis, Minnesota",2005/10/3,820027,1894
AMT,American Tower,Real Estate,Specialized REITs,"Boston, Massachusetts",2007/11/19,1053507,1995
AMZN,Amazon,Consumer Discretionary,Internet & Direct Marketing Retail,"Seattle, Washington",2005/11/18,1018724,1994
ANET,Arista,Information Technology,Communications Equipment,"Santa Clara, California",2018/8/28,1596532,2004
ANSS,Ansys,Information Technology,Application Software,"Canonsburg, Pennsylvania",2017/6/19,1013462,1969
ANTM,Anthem,Health Care,Managed Health Care,"Indianapolis, Indiana",2002/7/25,1156039,2014 (1946)
AON,Aon,Financials,Insurance Brokers,"London, UK",1996/4/23,315293,1982 (1919)
AOS,A. O. Smith,Industrials,Building Products,"Milwaukee, Wisconsin",2017/7/26,91142,1916
APA,APA Corporation,Energy,Oil & Gas Exploration & Production,"Houston, Texas",1997/7/28,6769,1954
APD,Air Products,Materials,Industrial Gases,"Allentown, Pennsylvania",1985/4/30,2969,1940
APH,Amphenol,Information Technology,Electronic Components,"Wallingford, Connecticut",2008/9/30,820313,1932
APTV,Aptiv,Consumer Discretionary,Auto Parts & Equipment,"Dublin, Ireland",2012/12/24,1521332,1994
ARE,Alexandria,Real Estate,Office REITs,"Pasadena, California",2017/3/20,1035443,1994
ATO,Atmos Energy,Utilities,Gas Utilities,"Dallas, Texas",2019/2/15,731802,1906
ATVI,Activision Blizzard,Communication Services,Interactive Home Entertainment,"Santa Monica, California",2015/8/31,718877,2008
AVB,AvalonBay Communities,Real Estate,Residential REITs,"Arlington, Virginia[3]",2007/1/10,915912,1978
AVGO,Broadcom,Information Technology,Semiconductors,"San Jose, California",2014/5/8,1730168,1961
AVY,Avery Dennison,Materials,Paper Packaging,"Glendale, California",1987/12/31,8818,1990
AWK,American Water,Utilities,Water Utilities,"Camden, New Jersey",2016/3/4,1410636,1886
AXP,American Express,Financials,Consumer Finance,"New York City, New York",1976/6/30,4962,1850
AZO,AutoZone,Consumer Discretionary,Specialty Stores,"Memphis, Tennessee",1997/1/2,866787,1979
BA,Boeing,Industrials,Aerospace & Defense,"Chicago, Illinois",1957/3/4,12927,1916
BAC,Bank of America,Financials,Diversified Banks,"Charlotte, North Carolina",1976/6/30,70858,1998 (1923 / 1874)
BAX,Baxter,Health Care,Health Care Equipment,"Deerfield, Illinois",1972/9/30,10456,1931
BBWI,Bath & Body Works,Consumer Discretionary,Specialty Stores,"Columbus, Ohio",1983/9/30,701985,1963
BBY,Best Buy,Consumer Discretionary,Computer & Electronics Retail,"Richfield, Minnesota",1999/6/29,764478,1966
BDX,Becton Dickinson,Health Care,Health Care Equipment,"Franklin Lakes, New Jersey",1972/9/30,10795,1897
BEN,Franklin Templeton,Financials,Asset Management & Custody Banks,"San Mateo, California",,38777,1947
BF.B,Brown–Forman,Consumer Staples,Distillers & Vintners,"Louisville, Kentucky",1982/10/31,14693,1870
BIIB,Biogen,Health Care,Biotechnology,"Cambridge, Massachusetts",2003/11/13,875045,1978
BIO,Bio-Rad,Health Care,Life Sciences Tools & Services,"Hercules, California",2020/6/22,12208,1952
BK,BNY Mellon,Financials,Asset Management & Custody Banks,"New York City, New York",1995/3/31,1390777,1784
BKNG,Booking Holdings,Consumer Discretionary,Internet & Direct Marketing Retail,"Norwalk, Connecticut",2009/11/6,1075531,1996
BKR,Baker Hughes,Energy,Oil & Gas Equipment & Services,"Houston, Texas",2017/7/7,1701605,2017
BLK,BlackRock,Financials,Asset Management & Custody Banks,"New York City, New York",2011/4/4,1364742,1988
BLL,Ball,Materials,Metal & Glass Containers,"Broomfield, Colorado",1984/10/31,9389,1880
BMY,Bristol Myers Squibb,Health Care,Health Care Distributors,"New York City, New York",1957/3/4,14272,1989
BR,Broadridge,Information Technology,Data Processing & Outsourced Services,"Lake Success, New York",2018/6/18,1383312,1962
BRK.B,Berkshire Hathaway,Financials,Multi-Sector Holdings,"Omaha, Nebraska",2010/2/16,1067983,1839
BRO,Brown & Brown,Financials,Insurance Brokers,"Daytona Beach, Florida",2021/9/20,79282,1939
BSX,Boston Scientific,Health Care,Health Care Equipment,"Marlborough, Massachusetts[4]",1995/2/24,885725,1979
BWA,BorgWarner,Consumer Discretionary,Auto Parts & Equipment,"Auburn Hills, Michigan",2011/12/19,908255,1880
BXP,Boston Properties,Real Estate,Office REITs,"Boston, Massachusetts",2006/4/3,1037540,1970
C,Citigroup,Financials,Diversified Banks,"New York City, New York",1988/5/31,831001,1998
CAG,Conagra Brands,Consumer Staples,Packaged Foods & Meats,"Chicago, Illinois",1983/8/31,23217,1919
CAH,Cardinal Health,Health Care,Health Care Distributors,"Dublin, Ohio",1997/5/27,721371,1971
CARR,Carrier,Industrials,Building Products,"Palm Beach Gardens, Florida",2020/4/3,1783180,2020 (1915)
CAT,Caterpillar,Industrials,Construction Machinery & Heavy Trucks,"Deerfield, Illinois",1957/3/4,18230,1925
CB,Chubb,Financials,Property & Casualty Insurance,"Zurich, Switzerland",2010/7/15,896159,1985
CBOE,Cboe,Financials,Financial Exchanges & Data,"Chicago, Illinois",2017/3/1,1374310,1973
CBRE,CBRE,Real Estate,Real Estate Services,"Dallas, Texas",2006/11/10,1138118,1906
CCI,Crown Castle,Real Estate,Specialized REITs,"Houston, Texas",2012/3/14,1051470,1994
CCL,Carnival,Consumer Discretionary,"Hotels, Resorts & Cruise Lines","Miami, Florida",1998/12/22,815097,1972
CDAY,Ceridian,Information Technology,Application Software,"Minneapolis, Minnesota",2021/9/20,1725057,1992
CDNS,Cadence,Information Technology,Application Software,"San Jose, California",2017/9/18,813672,1988
CDW,CDW,Information Technology,Technology Distributors,"Lincolnshire, Illinois",2019/9/23,1402057,1984
CE,Celanese,Materials,Specialty Chemicals,"Irving, Texas",2018/12/24,1306830,1918
CEG,Constellation Energy,Utilities,Multi-Utilities,"Baltimore, Maryland",2022/2/2,1868275,1999
CERN,Cerner,Health Care,Health Care Technology,"North Kansas City, Missouri",2010/4/30,804753,1979
CF,CF Industries,Materials,Fertilizers & Agricultural Chemicals,"Deerfield, Illinois",2008/8/27,1324404,1946
CFG,Citizens,Financials,Regional Banks,"Providence, Rhode Island",2016/1/29,759944,1828
CHD,Church & Dwight,Consumer Staples,Household Products,"Ewing, New Jersey",2015/12/29,313927,1847
CHRW,C.H. Robinson,Industrials,Air Freight & Logistics,"Eden Prairie, Minnesota",2007/3/2,1043277,1905
CHTR,Charter Communications,Communication Services,Cable & Satellite,"Stamford, Connecticut",2016/9/8,1091667,1993
CI,Cigna,Health Care,Managed Health Care,"Bloomfield, Connecticut",1976/6/30,1739940,1982
CINF,Cincinnati Financial,Financials,Property & Casualty Insurance,"Fairfield, Ohio",1997/12/18,20286,1950
CL,Colgate-Palmolive,Consumer Staples,Household Products,"New York City, New York",1957/3/4,21665,1806
CLX,Clorox,Consumer Staples,Household Products,"Oakland, California",1969/3/31,21076,1913
CMA,Comerica,Financials,Diversified Banks,"Dallas, Texas",1995/12/1,28412,1849
CMCSA,Comcast,Communication Services,Cable & Satellite,"Philadelphia, Pennsylvania",2002/11/19,1166691,1963
CME,CME Group,Financials,Financial Exchanges & Data,"Chicago, Illinois",2006/8/11,1156375,1848
CMG,Chipotle Mexican Grill,Consumer Discretionary,Restaurants,"Newport Beach, California",2011/4/28,1058090,1993
CMI,Cummins,Industrials,Industrial Machinery,"Columbus, Indiana",1965/3/31,26172,1919
CMS,CMS Energy,Utilities,Multi-Utilities,"Jackson, Michigan",1999/5/3,811156,1886
CNC,Centene,Health Care,Managed Health Care,"St. Louis, Missouri",2016/3/30,1071739,1984
CNP,CenterPoint Energy,Utilities,Multi-Utilities,"Houston, Texas",1985/7/31,1130310,1882
COF,Capital One,Financials,Consumer Finance,"Tysons Corner, Virginia",1998/7/1,927628,1994
COO,CooperCompanies,Health Care,Health Care Supplies,"San Ramon, California",2016/9/23,711404,1958
COP,ConocoPhillips,Energy,Oil & Gas Exploration & Production,"Houston, Texas",1957/3/4,1163165,2002
COST,Costco,Consumer Staples,Hypermarkets & Super Centers,"Issaquah, Washington",1993/10/1,909832,1976
CPB,Campbell's,Consumer Staples,Packaged Foods & Meats,"Camden, New Jersey",1957/3/4,16732,1869
CPRT,Copart,Industrials,Diversified Support Services,"Dallas, Texas",2018/7/2,900075,1982
CPT,Camden,Real Estate,Residential REITs,"Houston, Texas",2022/4/4,906345,1981
CRL,Charles River,Health Care,Life Sciences Tools & Services,"Wilmington, Massachusetts",2021/5/14,1100682,1947
CRM,Salesforce,Information Technology,Application Software,"San Francisco, California",2008/9/15,1108524,1999
CSCO,Cisco,Information Technology,Communications Equipment,"San Jose, California",1993/12/1,858877,1984
CSX,CSX,Industrials,Railroads,"Jacksonville, Florida",1967/9/30,277948,1980
CTAS,Cintas,Industrials,Diversified Support Services,"Mason, Ohio",2001/3/1,723254,1929
CTLT,Catalent,Health Care,Pharmaceuticals,"Somerset, New Jersey",2020/9/21,1596783,2007
CTRA,Coterra,Energy,Oil & Gas Exploration & Production,"Houston, Texas",2008/6/23,858470,2021 (1989)
CTSH,Cognizant,Information Technology,IT Consulting & Other Services,"Teaneck, New Jersey",2006/11/17,1058290,1994
CTVA,Corteva,Materials,Fertilizers & Agricultural Chemicals,"Wilmington, Delaware",2019/6/3,1755672,2019
CTXS,Citrix,Information Technology,Application Software,"Fort Lauderdale, Florida",1999/12/1,877890,1989
CVS,CVS Health,Health Care,Health Care Services,"Woonsocket, Rhode Island",1957/3/4,64803,1996
CVX,Chevron,Energy,Integrated Oil & Gas,"San Ramon, California",1957/3/4,93410,1879
CZR,Caesars Entertainment,Consumer Discretionary,Casinos & Gaming,"Reno, Nevada",2021/3/22,1590895,1973
D,Dominion Energy,Utilities,Electric Utilities,"Richmond, Virginia",,715957,1983
DAL,Delta Air Lines,Industrials,Airlines,"Atlanta, Georgia",2013/9/11,27904,1929
DD,DuPont,Materials,Specialty Chemicals,"Wilmington, Delaware",2019/4/2,1666700,2017
DE,Deere & Co.,Industrials,Agricultural & Farm Machinery,"Moline, Illinois",1957/3/4,315189,1837
DFS,Discover,Financials,Consumer Finance,"Riverwoods, Illinois",2007/7/2,1393612,1985
DG,Dollar General,Consumer Discretionary,General Merchandise Stores,"Goodlettsville, Tennessee",2012/12/3,29534,1939
DGX,Quest Diagnostics,Health Care,Health Care Services,"Secaucus, New Jersey",2002/12/12,1022079,1967
DHI,D.R. Horton,Consumer Discretionary,Homebuilding,"Arlington, Texas",2005/6/22,882184,1978
DHR,Danaher,Health Care,Health Care Equipment,"Washington, D.C.",,313616,1969
DIS,Disney,Communication Services,Movies & Entertainment,"Burbank, California",1976/6/30,1744489,1923
DISH,Dish,Communication Services,Cable & Satellite,"Meridian, Colorado",2017/3/13,1001082,1980
DLR,Digital Realty,Real Estate,Specialized REITs,"Austin, Texas",2016/5/18,1297996,2004
DLTR,Dollar Tree,Consumer Discretionary,General Merchandise Stores,"Chesapeake, Virginia",2011/12/19,935703,1986
DOV,Dover,Industrials,Industrial Machinery,"Downers Grove, Illinois",1985/10/31,29905,1955
DOW,Dow,Materials,Commodity Chemicals,"Midland, Michigan",2019/4/1,1751788,2019
DPZ,Domino's,Consumer Discretionary,Restaurants,"Ann Arbor, Michigan",2020/5/12,1286681,1960
DRE,Duke Realty,Real Estate,Industrial REITs,"Indianapolis, Indiana",2017/7/26,783280,1972
DRI,Darden,Consumer Discretionary,Restaurants,"Orlando, Florida",,940944,1938
DTE,DTE,Utilities,Multi-Utilities,"Detroit, Michigan",1957/3/4,936340,1995
DUK,Duke Energy,Utilities,Electric Utilities,"Charlotte, North Carolina",1976/6/30,1326160,1904
DVA,DaVita,Health Care,Health Care Facilities,"Denver, Colorado",2008/7/31,927066,1979
DVN,Devon,Energy,Oil & Gas Exploration & Production,"Oklahoma City, Oklahoma",2000/8/30,1090012,1971
DXC,DXC Technology,Information Technology,IT Consulting & Other Services,"Tysons Corner, Virginia",2017/4/4,1688568,2017
DXCM,DexCom,Health Care,Health Care Equipment,"San Diego, California",2020/5/12,1093557,1999
EA,Electronic Arts,Communication Services,Interactive Home Entertainment,"Redwood City, California",2002/7/22,712515,1982
EBAY,eBay,Consumer Discretionary,Internet & Direct Marketing Retail,"San Jose, California",2002/7/22,1065088,1995
ECL,Ecolab,Materials,Specialty Chemicals,"Saint Paul, Minnesota",1989/1/31,31462,1923
ED,Con Edison,Utilities,Electric Utilities,"New York City, New York",,1047862,1823
EFX,Equifax,Industrials,Research & Consulting Services,"Atlanta, Georgia",1997/6/19,33185,1899
EIX,Edison International,Utilities,Electric Utilities,"Rosemead, California",1957/3/4,827052,1886
EL,Estée Lauder Companies,Consumer Staples,Personal Products,"New York City, New York",2006/1/5,1001250,1946
EMN,Eastman,Materials,Diversified Chemicals,"Kingsport, Tennessee",1994/1/1,915389,1920
EMR,Emerson,Industrials,Electrical Components & Equipment,"Ferguson, Missouri",1965/3/31,32604,1890
ENPH,Enphase,Information Technology,Electronic Components,"Fremont, California",2021/1/7,1463101,2006
EOG,EOG Resources,Energy,Oil & Gas Exploration & Production,"Houston, Texas",2000/11/2,821189,1999
EPAM,EPAM,Information Technology,IT Consulting & Other Services,"Newtown, Pennsylvania",2021/12/14,1352010,1993
EQIX,Equinix,Real Estate,Specialized REITs,"Redwood City, California",2015/3/20,1101239,1998
EQR,Equity Residential,Real Estate,Residential REITs,"Chicago, Illinois",2001/12/3,906107,1969
ES,Eversource,Utilities,Multi-Utilities,"Hartford, Connecticut",2009,72741,1966
ESS,Essex,Real Estate,Residential REITs,"San Mateo, California",2014/4/2,920522,1971
ETN,Eaton,Industrials,Electrical Components & Equipment,"Dublin, Ireland",,1551182,1911
ETR,Entergy,Utilities,Electric Utilities,"New Orleans, Louisiana",1957/3/4,65984,1913
ETSY,Etsy,Consumer Discretionary,Internet & Direct Marketing Retail,"New York City, New York",2020/9/21,1370637,2005
EVRG,Evergy,Utilities,Electric Utilities,"Kansas City, Missouri",2018/6/5,1711269,1909
EW,Edwards Lifesciences,Health Care,Health Care Equipment,"Irvine, California",2011/4/1,1099800,1958
EXC,Exelon,Utilities,Multi-Utilities,"Chicago, Illinois",1957/3/4,1109357,2000
EXPD,Expeditors,Industrials,Air Freight & Logistics,"Seattle, Washington",2007/10/10,746515,1979
EXPE,Expedia Group,Consumer Discretionary,Internet & Direct Marketing Retail,"Seattle, Washington",2007/10/2,1324424,1996
EXR,Extra Space Storage,Real Estate,Specialized REITs,"Salt Lake City, Utah",2016/1/19,1289490,1977
F,Ford,Consumer Discretionary,Automobile Manufacturers,"Dearborn, Michigan",1957/3/4,37996,1903
FANG,Diamondback,Energy,Oil & Gas Exploration & Production,"Midland, Texas",2018/12/3,1539838,2007
FAST,Fastenal,Industrials,Building Products,"Winona, Minnesota",2008/9/15,815556,1967
FB,Meta,Communication Services,Interactive Media & Services,"Menlo Park, California",2013/12/23,1326801,2004
FBHS,Fortune Brands,Industrials,Building Products,"Deerfield, Illinois",2016/6/22,1519751,2011 (1969)
FCX,Freeport-McMoRan,Materials,Copper,"Phoenix, Arizona",,831259,1912
FDS,FactSet,Financials,Financial Exchanges & Data,"Norwalk, Connecticut",2021/12/20,1013237,1978
FDX,FedEx,Industrials,Air Freight & Logistics,"Memphis, Tennessee",1980/12/31,1048911,1971
FE,FirstEnergy,Utilities,Electric Utilities,"Akron, Ohio",,1031296,1997
FFIV,F5,Information Technology,Communications Equipment,"Seattle, Washington",2010/12/20,1048695,1996
FIS,FIS,Information Technology,Data Processing & Outsourced Services,"Jacksonville, Florida",2006/11/10,1136893,1968
FISV,Fiserv,Information Technology,Data Processing & Outsourced Services,"Brookfield, Wisconsin",2001/4/2,798354,1984
FITB,Fifth Third Bank,Financials,Regional Banks,"Cincinnati, Ohio",,35527,1858
FLT,Fleetcor,Information Technology,Data Processing & Outsourced Services,"Norcross, Georgia",2018/6/20,1175454,2000
FMC,FMC,Materials,Fertilizers & Agricultural Chemicals,"Philadelphia, Pennsylvania",2009/8/19,37785,1883
FOX,Fox Corporation (Class B),Communication Services,Movies & Entertainment,"New York City, New York",2015/9/18,1754301,2019
FOXA,Fox Corporation (Class A),Communication Services,Movies & Entertainment,"New York City, New York",2013/7/1,1754301,2019
FRC,First Republic,Financials,Regional Banks,"San Francisco, California",2019/1/2,1132979,1985
FRT,Federal Realty,Real Estate,Retail REITs,"Rockville, Maryland",2016/2/1,34903,1962
FTNT,Fortinet,Information Technology,Systems Software,"Sunnyvale, California",2018/10/11,1262039,2000
FTV,Fortive,Industrials,Industrial Machinery,"Everett, Washington",2016/7/1,1659166,2016
GD,General Dynamics,Industrials,Aerospace & Defense,"Falls Church, Virginia",1957/3/4,40533,1899
GE,GE,Industrials,Industrial Conglomerates,"Boston, Massachusetts",,40545,1892
GILD,Gilead,Health Care,Biotechnology,"Foster City, California",2004/7/1,882095,1987
GIS,General Mills,Consumer Staples,Packaged Foods & Meats,"Golden Valley, Minnesota",1969/3/31,40704,1856
GL,Globe Life,Financials,Life & Health Insurance,"McKinney, Texas",1989/4/30,320335,1900
GLW,Corning,Information Technology,Electronic Components,"Corning, New York",,24741,1851
GM,GM,Consumer Discretionary,Automobile Manufacturers,"Detroit, Michigan",2013/6/6,1467858,1908
GNRC,Generac,Industrials,Electrical Components & Equipment,"Waukesha, Wisconsin",2021/3/22,1474735,1959
GOOG,Alphabet (Class C),Communication Services,Interactive Media & Services,"Mountain View, California",2006/4/3,1652044,1998
GOOGL,Alphabet (Class A),Communication Services,Interactive Media & Services,"Mountain View, California",2014/4/3,1652044,1998
GPC,Genuine Parts,Consumer Discretionary,Specialty Stores,"Atlanta, Georgia",1973/12/31,40987,1925
GPN,Global Payments,Information Technology,Data Processing & Outsourced Services,"Atlanta, Georgia",2016/4/25,1123360,2000
GRMN,Garmin,Consumer Discretionary,Consumer Electronics,"Schaffhausen, Switzerland",2012/12/12,1121788,1989
GS,Goldman Sachs,Financials,Investment Banking & Brokerage,"New York City, New York",2002/7/22,886982,1869
GWW,Grainger,Industrials,Industrial Machinery,"Lake Forest, Illinois",1981/6/30,277135,1927
HAL,Halliburton,Energy,Oil & Gas Equipment & Services,"Houston, Texas",1957/3/4,45012,1919
HAS,Hasbro,Consumer Discretionary,Leisure Products,"Pawtucket, Rhode Island",1984/9/30,46080,1923
HBAN,Huntington National Bank,Financials,Regional Banks,"Columbus, Ohio; Detroit, Michigan",,49196,1866
HCA,HCA Healthcare,Health Care,Health Care Facilities,"Nashville, Tennessee",2015/1/27,860730,1968
HD,Home Depot,Consumer Discretionary,Home Improvement Retail,"Atlanta, Georgia",1988/3/31,354950,1978
HES,Hess,Energy,Integrated Oil & Gas,"New York City, New York",1984/5/31,4447,1919
HIG,Hartford (The),Financials,Property & Casualty Insurance,"Hartford, Connecticut",1957/3/4,874766,1810
HII,Huntington Ingalls Industries,Industrials,Aerospace & Defense,"Newport News, Virginia",2018/1/3,1501585,2011
HLT,Hilton,Consumer Discretionary,"Hotels, Resorts & Cruise Lines","Tysons Corner, Virginia",2017/6/19,1585689,1919
HOLX,Hologic,Health Care,Health Care Equipment,"Marlborough, Massachusetts",2016/3/30,859737,1985
HON,Honeywell,Industrials,Industrial Conglomerates,"Charlotte, North Carolina",1964/3/31,773840,1906
HPE,Hewlett Packard Enterprise,Information Technology,"Technology Hardware, Storage & Peripherals","Houston, Texas",2015/11/2,1645590,2015
HPQ,HP,Information Technology,"Technology Hardware, Storage & Peripherals","Palo Alto, California",1974/12/31,47217,1939 (2015)
HRL,Hormel,Consumer Staples,Packaged Foods & Meats,"Austin, Minnesota",2009/3/4,48465,1891
HSIC,Henry Schein,Health Care,Health Care Distributors,"Melville, New York",2015/3/17,1000228,1932
HST,Host Hotels & Resorts,Real Estate,Hotel & Resort REITs,"Bethesda, Maryland",2007/3/20,1070750,1993
HSY,Hershey's,Consumer Staples,Packaged Foods & Meats,"Hershey, Pennsylvania",1957/3/4,47111,1894
HUM,Humana,Health Care,Managed Health Care,"Louisville, Kentucky",,49071,1961
HWM,Howmet Aerospace,Industrials,Aerospace & Defense,"Pittsburgh, Pennsylvania",1964/3/31,4281,2016
IBM,IBM,Information Technology,IT Consulting & Other Services,"Armonk, New York",1957/3/4,51143,1911
ICE,Intercontinental Exchange,Financials,Financial Exchanges & Data,"Atlanta, Georgia",2007/9/26,1571949,2000
IDXX,Idexx Laboratories,Health Care,Health Care Equipment,"Westbrook, Maine",2017/1/5,874716,1983
IEX,IDEX,Industrials,Industrial Machinery,"Lake Forest, Illinois",2019/8/9,832101,1988
IFF,International Flavors & Fragrances,Materials,Specialty Chemicals,"New York City, New York",1976/3/31,51253,1958 (1889)
ILMN,Illumina,Health Care,Life Sciences Tools & Services,"San Diego, California",2015/11/19,1110803,1998
INCY,Incyte,Health Care,Biotechnology,"Wilmington, Delaware",2017/2/28,879169,1991
INTC,Intel,Information Technology,Semiconductors,"Santa Clara, California",1976/12/31,50863,1968
INTU,Intuit,Information Technology,Application Software,"Mountain View, California",2000/12/5,896878,1983
IP,International Paper,Materials,Paper Packaging,"Memphis, Tennessee",1957/3/4,51434,1898
IPG,Interpublic Group,Communication Services,Advertising,"New York City, New York",1992/10/1,51644,1961 (1930)
IPGP,IPG Photonics,Information Technology,Electronic Manufacturing Services,"Oxford, Massachusetts",2018/3/7,1111928,1990
IQV,IQVIA,Health Care,Life Sciences Tools & Services,"Durham, North Carolina",2017/8/29,1478242,1982
IR,Ingersoll Rand,Industrials,Industrial Machinery,"Davidson, North Carolina",2020/3/3,1699150,1859
IRM,Iron Mountain,Real Estate,Specialized REITs,"Boston, Massachusetts",2009/1/6,1020569,1951
ISRG,Intuitive Surgical,Health Care,Health Care Equipment,"Sunnyvale, California",2008/6/2,1035267,1995
IT,Gartner,Information Technology,IT Consulting & Other Services,"Stamford, Connecticut",2017/4/5,749251,1979
ITW,Illinois Tool Works,Industrials,Industrial Machinery,"Glenview, Illinois",1986/2/28,49826,1912
IVZ,Invesco,Financials,Asset Management & Custody Banks,"Atlanta, Georgia",2008/8/21,914208,1935
J,Jacobs,Industrials,Construction & Engineering,"Dallas, Texas",2007/10/26,52988,1947
JBHT,J.B. Hunt,Industrials,Trucking,"Lowell, Arkansas",2015/7/1,728535,1961
JCI,Johnson Controls,Industrials,Building Products,"Cork, Ireland",2010/8/27,833444,1885
JKHY,Jack Henry & Associates,Information Technology,Data Processing & Outsourced Services,"Monett, Missouri",2018/11/13,779152,1976
JNJ,Johnson & Johnson,Health Care,Pharmaceuticals,"New Brunswick, New Jersey",1973/6/30,200406,1886
JNPR,Juniper Networks,Information Technology,Communications Equipment,"Sunnyvale, California",2006/6/2,1043604,1996
JPM,JPMorgan Chase,Financials,Diversified Banks,"New York City, New York",1975/6/30,19617,2000 (1799 / 1871)
K,Kellogg's,Consumer Staples,Packaged Foods & Meats,"Battle Creek, Michigan",1989/9/11,55067,1906
KEY,KeyCorp,Financials,Regional Banks,"Cleveland, Ohio",1994/3/1,91576,1825
KEYS,Keysight,Information Technology,Electronic Equipment & Instruments,"Santa Rosa, California",2018/11/6,1601046,2014
KHC,Kraft Heinz,Consumer Staples,Packaged Foods & Meats,"Chicago, Illinois; Pittsburgh, Pennsylvania",2015/7/6,1637459,2015 (1869)
KIM,Kimco Realty,Real Estate,Retail REITs,"New Hyde Park, New York",2006/4/4,879101,1958
KLAC,KLA,Information Technology,Semiconductor Equipment,"Milpitas, California",,319201,1975/1977 (1997)
KMB,Kimberly-Clark,Consumer Staples,Household Products,"Irving, Texas",1957/3/4,55785,1872
KMI,Kinder Morgan,Energy,Oil & Gas Storage & Transportation,"Houston, Texas",2012/5/25,1506307,1997
KMX,CarMax,Consumer Discretionary,Specialty Stores,"Richmond, Virginia",2010/6/28,1170010,1993
KO,Coca-Cola,Consumer Staples,Soft Drinks,"Atlanta, Georgia",1957/3/4,21344,1886
KR,Kroger,Consumer Staples,Food Retail,"Cincinnati, Ohio",1957/3/4,56873,1883
L,Loews Corporation,Financials,Multi-line Insurance,"New York City, New York",,60086,1959
LDOS,Leidos,Industrials,Diversified Support Services,"Reston, Virginia",2019/8/9,1336920,1969
LEN,Lennar,Consumer Discretionary,Homebuilding,"Miami, Florida",2005/10/4,920760,1954
LH,LabCorp,Health Care,Health Care Services,"Burlington, North Carolina",2004/11/1,920148,1978
LHX,L3Harris,Industrials,Aerospace & Defense,"Melbourne, Florida",2008/9/22,202058,2019 (1895)
LIN,Linde,Materials,Industrial Gases,"Guildford, England",1992/7/1,1707925,1879
LKQ,LKQ Corporation,Consumer Discretionary,Distributors,"Chicago, Illinois",2016/5/23,1065696,1998
LLY,Lilly,Health Care,Pharmaceuticals,"Indianapolis, Indiana",1970/12/31,59478,1876
LMT,Lockheed Martin,Industrials,Aerospace & Defense,"Bethesda, Maryland",1984/7/31,936468,1995
LNC,Lincoln Financial,Financials,Multi-line Insurance,"Radnor, Pennsylvania",1976/6/30,59558,1905
LNT,Alliant Energy,Utilities,Electric Utilities,"Madison, Wisconsin",2016/7/1,352541,1917
LOW,Lowe's,Consumer Discretionary,Home Improvement Retail,"Mooresville, North Carolina",1984/2/29,60667,1904/1946/1959
LRCX,Lam Research,Information Technology,Semiconductor Equipment,"Fremont, California",2012/6/29,707549,1980
LUMN,Lumen,Communication Services,Alternative Carriers,"Monroe, Louisiana",1999/3/25,18926,1983 (1877)
LUV,Southwest Airlines,Industrials,Airlines,"Dallas, Texas",1994/7/1,92380,1967
LVS,Las Vegas Sands,Consumer Discretionary,Casinos & Gaming,"Las Vegas, Nevada",2019/10/3,1300514,1988
LW,Lamb Weston,Consumer Staples,Packaged Foods & Meats,"Eagle, Idaho",2018/12/3,1679273,2016 (1950)
LYB,LyondellBasell,Materials,Specialty Chemicals,"Rotterdam, Netherlands",2012/9/5,1489393,2007
LYV,Live Nation Entertainment,Communication Services,Movies & Entertainment,"Beverly Hills, California",2019/12/23,1335258,2010
MA,Mastercard,Information Technology,Data Processing & Outsourced Services,"Harrison, New York",2008/7/18,1141391,1966
MAA,Mid-America Apartments,Real Estate,Residential REITs,"Memphis, Tennessee",2016/12/2,912595,1977
MAR,Marriott International,Consumer Discretionary,"Hotels, Resorts & Cruise Lines","Bethesda, Maryland",,1048286,1927
MAS,Masco,Industrials,Building Products,"Livonia, Michigan",1981/6/30,62996,1929
MCD,McDonald's,Consumer Discretionary,Restaurants,"Chicago, Illinois",1970/6/30,63908,1940
MCHP,Microchip,Information Technology,Semiconductors,"Chandler, Arizona",2007/9/7,827054,1989
MCK,McKesson,Health Care,Health Care Distributors,"Irving, Texas",,927653,1833
MCO,Moody's,Financials,Financial Exchanges & Data,"New York City, New York",,1059556,1909
MDLZ,Mondelez International,Consumer Staples,Packaged Foods & Meats,"Chicago, Illinois",2012/10/2,1103982,2012
MDT,Medtronic,Health Care,Health Care Equipment,"Dublin, Ireland",1986/10/31,1613103,1949
MET,MetLife,Financials,Life & Health Insurance,"New York City, New York",,1099219,1868
MGM,MGM Resorts,Consumer Discretionary,Casinos & Gaming,"Paradise, Nevada",2017/7/26,789570,1986
MHK,Mohawk Industries,Consumer Discretionary,Home Furnishings,"Calhoun, Georgia",2013/12/23,851968,1878
MKC,McCormick,Consumer Staples,Packaged Foods & Meats,"Hunt Valley, Maryland",2003/3/20,63754,1889
MKTX,MarketAxess,Financials,Financial Exchanges & Data,"New York City, New York",2019/7/1,1278021,2000
MLM,Martin Marietta,Materials,Construction Materials,"Raleigh, North Carolina",2014/7/2,916076,1993
MMC,Marsh & McLennan,Financials,Insurance Brokers,"New York City, New York",1987/8/31,62709,1905
MMM,3M,Industrials,Industrial Conglomerates,"Saint Paul, Minnesota",1976/8/9,66740,1902
MNST,Monster Beverage,Consumer Staples,Soft Drinks,"Corona, California",2012/6/28,865752,2012 (1935)
MO,Altria,Consumer Staples,Tobacco,"Richmond, Virginia",1957/3/4,764180,1985
MOH,Molina Healthcare,Health Care,Managed Health Care,"Long Beach, California",2022/3/2,1179929,1980
MOS,Mosaic,Materials,Fertilizers & Agricultural Chemicals,"Tampa, Florida",2011/9/26,1285785,2004 (1865 / 1909)
MPC,Marathon Petroleum,Energy,Oil & Gas Refining & Marketing,"Findlay, Ohio",2011/7/1,1510295,2009 (1887)
MPWR,Monolithic Power Systems,Information Technology,Semiconductors,"Kirkland, Washington",2021/2/12,1280452,1997
MRK,Merck,Health Care,Pharmaceuticals,"Kenilworth, New Jersey",1957/3/4,310158,1891
MRNA,Moderna,Health Care,Biotechnology,"Cambridge, Massachusetts",2021/7/21,1682852,2010
MRO,Marathon Oil,Energy,Oil & Gas Exploration & Production,"Houston, Texas",1991/5/1,101778,1887
MS,Morgan Stanley,Financials,Investment Banking & Brokerage,"New York City, New York",,895421,1935
MSCI,MSCI,Financials,Financial Exchanges & Data,"New York City, New York",2018/4/4,1408198,1969
MSFT,Microsoft,Information Technology,Systems Software,"Redmond, Washington",1994/6/1,789019,1975
MSI,Motorola Solutions,Information Technology,Communications Equipment,"Chicago, Illinois",,68505,1928 (2011)
MTB,M&T Bank,Financials,Regional Banks,"Buffalo, New York",2004/2/23,36270,1856
MTCH,Match Group,Communication Services,Interactive Media & Services,"Dallas, Texas",2021/9/20,891103,1986
MTD,Mettler Toledo,Health Care,Life Sciences Tools & Services,"Columbus, Ohio",2016/9/6,1037646,1945
MU,Micron,Information Technology,Semiconductors,"Boise, Idaho",1994/9/27,723125,1978
NCLH,Norwegian Cruise Line Holdings,Consumer Discretionary,"Hotels, Resorts & Cruise Lines","Miami, Florida",2017/10/13,1513761,2011 (1966)
NDAQ,Nasdaq,Financials,Financial Exchanges & Data,"New York City, New York",2008/10/22,1120193,1971
NDSN,Nordson,Industrials,Industrial Machinery,"Westlake, Ohio",2022/2/15,72331,1935
NEE,NextEra Energy,Utilities,Multi-Utilities,"Juno Beach, Florida",1976/6/30,753308,1984 (1925)
NEM,Newmont,Materials,Gold,"Denver, Colorado",1969/6/30,1164727,1921
NFLX,Netflix,Communication Services,Movies & Entertainment,"Los Gatos, California",2010/12/20,1065280,1997
NI,NiSource,Utilities,Multi-Utilities,"Merrillville, Indiana",,1111711,1912
NKE,Nike,Consumer Discretionary,"Apparel, Accessories & Luxury Goods","Washington County, Oregon",1988/11/30,320187,1964
NLOK,NortonLifeLock,Information Technology,Application Software,"Tempe, Arizona",2003/3/25,849399,1982
NLSN,Nielsen,Industrials,Research & Consulting Services,"New York City, New York",2013/7/9,1492633,1923
NOC,Northrop Grumman,Industrials,Aerospace & Defense,"West Falls Church, Virginia",1985/6/30,1133421,"1994 (Northrop 1939, Grumman 1930)"
NOW,ServiceNow,Information Technology,Systems Software,"Santa Clara, California",2019/11/21,1373715,2003
NRG,NRG Energy,Utilities,Independent Power Producers & Energy Traders,"Houston, Texas",2010/1/29,1013871,1992
NSC,Norfolk Southern,Industrials,Railroads,"Norfolk, Virginia",1957/3/4,702165,1881/1894 (1980)
NTAP,NetApp,Information Technology,"Technology Hardware, Storage & Peripherals","Sunnyvale, California",1999/6/25,1002047,1992
NTRS,Northern Trust,Financials,Asset Management & Custody Banks,"Chicago, Illinois",,73124,1889
NUE,Nucor,Materials,Steel,"Charlotte, North Carolina",1985/4/30,73309,1940
NVDA,Nvidia,Information Technology,Semiconductors,"Santa Clara, California",2001/11/30,1045810,1993
NVR,NVR,Consumer Discretionary,Homebuilding,"Reston, Virginia",2019/9/26,906163,1980
NWL,Newell Brands,Consumer Discretionary,Housewares & Specialties,"Atlanta, Georgia",1989/4/30,814453,1903
NWS,News Corp (Class B),Communication Services,Publishing,"New York City, New York",2015/9/18,1564708,2013 (1980)
NWSA,News Corp (Class A),Communication Services,Publishing,"New York City, New York",2013/8/1,1564708,2013 (1980)
NXPI,NXP,Information Technology,Semiconductors,"Eindhoven, Netherlands",2021/3/22,1413447,1953
O,Realty Income,Real Estate,Retail REITs,"San Diego, California",2015/4/7,726728,1969
ODFL,Old Dominion,Industrials,Trucking,"Thomasville, North Carolina",2019/12/9,878927,1934
OGN,Organon,Health Care,Pharmaceuticals,"Jersey City, New Jersey",2021/6/3,1821825,2021
OKE,Oneok,Energy,Oil & Gas Storage & Transportation,"Tulsa, Oklahoma",2010/3/15,1039684,1906
OMC,Omnicom Group,Communication Services,Advertising,"New York City, New York",,29989,1986
ORCL,Oracle,Information Technology,Application Software,"Austin, Texas",1989/8/31,1341439,1977
ORLY,O'Reilly Automotive,Consumer Discretionary,Specialty Stores,"Springfield, Missouri",2009/3/27,898173,1957
OTIS,Otis,Industrials,Industrial Machinery,"Farmington, Connecticut",2020/4/3,1781335,2020 (1853)
OXY,Occidental Petroleum,Energy,Oil & Gas Exploration & Production,"Houston, Texas",1982/12/31,797468,1920
PARA,Paramount,Communication Services,Movies & Entertainment,"New York City, New York",,813828,2019 (1952)
PAYC,Paycom,Information Technology,Application Software,"Oklahoma City, Oklahoma",2020/1/28,1590955,1998
PAYX,Paychex,Information Technology,Data Processing & Outsourced Services,"Penfield, New York",,723531,1971
PCAR,Paccar,Industrials,Construction Machinery & Heavy Trucks,"Bellevue, Washington",1980/12/31,75362,1905
PEAK,Healthpeak,Real Estate,Health Care REITs,"Long Beach, California",2008/3/31,765880,1985
PEG,PSEG,Utilities,Electric Utilities,"Newark, New Jersey",1957/3/4,788784,1903
PENN,Penn National Gaming,Consumer Discretionary,Casinos & Gaming,"Wyomissing, Pennsylvania",2021/3/22,921738,1972
PEP,PepsiCo,Consumer Staples,Soft Drinks,"Purchase, New York",1957/3/4,77476,1898
PFE,Pfizer,Health Care,Pharmaceuticals,"New York City, New York",1957/3/4,78003,1849
PFG,Principal,Financials,Life & Health Insurance,"Des Moines, Iowa",2002/7/22,1126328,1879
PG,Procter & Gamble,Consumer Staples,Personal Products,"Cincinnati, Ohio",1957/3/4,80424,1837
PGR,Progressive,Financials,Property & Casualty Insurance,"Mayfield Village, Ohio",1997/8/4,80661,1937
PH,Parker,Industrials,Industrial Machinery,"Cleveland, Ohio",1985/11/30,76334,1917
PHM,PulteGroup,Consumer Discretionary,Homebuilding,"Atlanta, Georgia",1984/4/30,822416,1956
PKG,Packaging Corporation of America,Materials,Paper Packaging,"Lake Forest, Illinois",2017/7/26,75677,1959
PKI,PerkinElmer,Health Care,Health Care Equipment,"Waltham, Massachusetts",1985/5/31,31791,1937
PLD,Prologis,Real Estate,Industrial REITs,"San Francisco, California",2003/7/17,1045609,1983
PM,Philip Morris International,Consumer Staples,Tobacco,"New York City, New York",2008/3/31,1413329,2008 (1847)
PNC,PNC Financial Services,Financials,Regional Banks,"Pittsburgh, Pennsylvania",1988/4/30,713676,1845
PNR,Pentair,Industrials,Industrial Machinery,"Worsley, England",2012/10/1,77360,1966
PNW,Pinnacle West,Utilities,Multi-Utilities,"Phoenix, Arizona",,764622,1985
POOL,Pool Corporation,Consumer Discretionary,Distributors,"Covington, Louisiana",2020/10/7,945841,1993
PPG,PPG Industries,Materials,Specialty Chemicals,"Pittsburgh, Pennsylvania",1957/3/4,79879,1883
PPL,PPL,Utilities,Electric Utilities,"Allentown, Pennsylvania",,922224,1920
PRU,Prudential,Financials,Life & Health Insurance,"Newark, New Jersey",2002/7/22,1137774,1875
PSA,Public Storage,Real Estate,Specialized REITs,"Glendale, California",2005/8/19,1393311,1972
PSX,Phillips 66,Energy,Oil & Gas Refining & Marketing,"Houston, Texas",2012/5/1,1534701,2012 (1917)
PTC,PTC,Information Technology,Application Software,"Boston, Massachusetts",2021/4/20,857005,1985
PVH,PVH,Consumer Discretionary,"Apparel, Accessories & Luxury Goods","New York City, New York",2013/2/15,78239,1881
PWR,Quanta,Industrials,Construction & Engineering,"Houston, Texas",2009/7/1,1050915,1997
PXD,Pioneer Natural Resources,Energy,Oil & Gas Exploration & Production,"Irving, Texas",2008/9/24,1038357,1997
PYPL,PayPal,Information Technology,Data Processing & Outsourced Services,"San Jose, California",2015/7/20,1633917,1998
QCOM,Qualcomm,Information Technology,Semiconductors,"San Diego, California",,804328,1985
QRVO,Qorvo,Information Technology,Semiconductors,"Greensboro, North Carolina",2015/6/11,1604778,2015
RCL,Royal Caribbean Group,Consumer Discretionary,"Hotels, Resorts & Cruise Lines","Miami, Florida",2014/12/5,884887,1997
RE,Everest,Financials,Reinsurance,"Hamilton, Bermuda",2017/6/19,1095073,1973
REG,Regency Centers,Real Estate,Retail REITs,"Jacksonville, Florida",2017/3/2,910606,1963
REGN,Regeneron,Health Care,Biotechnology,"Tarrytown, New York",2013/5/1,872589,1988
RF,Regions,Financials,Regional Banks,"Birmingham, Alabama",1998/8/28,1281761,1971
RHI,Robert Half,Industrials,Human Resource & Employment Services,"Menlo Park, California",2000/12/5,315213,1948
RJF,Raymond James,Financials,Investment Banking & Brokerage,"St. Petersburg, Florida",2017/3/20,720005,1962
RL,Ralph Lauren,Consumer Discretionary,"Apparel, Accessories & Luxury Goods","New York City, New York",2007/2/2,1037038,1967
RMD,ResMed,Health Care,Health Care Equipment,"San Diego, California",2017/7/26,943819,1989
ROK,Rockwell Automation,Industrials,Electrical Components & Equipment,"Milwaukee, Wisconsin",,1024478,1903
ROL,Rollins,Industrials,Environmental & Facilities Services,"Atlanta, Georgia",2018/10/1,84839,1948
ROP,Roper,Industrials,Industrial Conglomerates,"Sarasota, Florida",2009/12/23,882835,1981
ROST,Ross,Consumer Discretionary,Apparel Retail,"Dublin, California",2009/12/21,745732,1982
RSG,Republic Services,Industrials,Environmental & Facilities Services,"Phoenix, Arizona",2008/12/5,1060391,1998 (1981)
RTX,Raytheon Technologies,Industrials,Aerospace & Defense,"Waltham, Massachusetts",,101829,1922
SBAC,SBA Communications,Real Estate,Specialized REITs,"Boca Raton, Florida",2017/9/1,1034054,1989
SBNY,Signature Bank,Financials,Regional Banks,"New York City, New York",2021/12/20,1288784,2001
SBUX,Starbucks,Consumer Discretionary,Restaurants,"Seattle, Washington",2000/6/7,829224,1971
SCHW,Charles Schwab,Financials,Investment Banking & Brokerage,"Westlake, Texas",1997/6/2,316709,1971
SEDG,SolarEdge,Information Technology,Semiconductor Equipment,"Herzliya, Israel",2021/12/20,1419612,2006
SEE,Sealed Air,Materials,Paper Packaging,"Charlotte, North Carolina",1957/3/4,1012100,1960
SHW,Sherwin-Williams,Materials,Specialty Chemicals,"Cleveland, Ohio",1964/6/30,89800,1866
SIVB,SVB Financial,Financials,Regional Banks,"Santa Clara, California",2018/3/19,719739,1983
SJM,Smucker,Consumer Staples,Packaged Foods & Meats,"Orrville, Ohio",2008/11/6,91419,1897
SLB,Schlumberger,Energy,Oil & Gas Equipment & Services,"Curaçao, Kingdom of the Netherlands",1965/3/31,87347,1926
SNA,Snap-on,Industrials,Industrial Machinery,"Kenosha, Wisconsin",1982/9/30,91440,1920
SNPS,Synopsys,Information Technology,Application Software,"Mountain View, California",2017/3/16,883241,1986
SO,Southern Company,Utilities,Electric Utilities,"Atlanta, Georgia",1957/3/4,92122,1945
SPG,Simon,Real Estate,Retail REITs,"Indianapolis, Indiana",2002/6/26,1063761,2003
SPGI,S&P Global,Financials,Financial Exchanges & Data,"New York City, New York",,64040,1917
SRE,Sempra Energy,Utilities,Multi-Utilities,"San Diego, California",,1032208,1998
STE,Steris,Health Care,Health Care Equipment,"Dublin, Ireland",2019/12/23,1757898,1985
STT,State Street,Financials,Asset Management & Custody Banks,"Boston, Massachusetts",,93751,1792
STX,Seagate,Information Technology,"Technology Hardware, Storage & Peripherals","Dublin, Ireland",2012/7/2,1137789,1979
STZ,Constellation Brands,Consumer Staples,Distillers & Vintners,"Victor, New York",2005/7/1,16918,1945
SWK,Stanley Black & Decker,Industrials,Industrial Machinery,"New Britain, Connecticut",1982/9/30,93556,1843
SWKS,Skyworks,Information Technology,Semiconductors,"Woburn, Massachusetts",2015/3/12,4127,2002
SYF,Synchrony,Financials,Consumer Finance,"Stamford, Connecticut",2015/11/18,1601712,2003
SYK,Stryker,Health Care,Health Care Equipment,"Kalamazoo, Michigan",2000/12/12,310764,1941
SYY,Sysco,Consumer Staples,Food Distributors,"Houston, Texas",1986/12/31,96021,1969
T,AT&T,Communication Services,Integrated Telecommunication Services,"Dallas, Texas",1983-11-30 (1957-03-04),732717,1983 (1885)
TAP,Molson Coors,Consumer Staples,Brewers,"Chicago, Illinois",1976/6/30,24545,"2005 (Molson 1786, Coors 1873)"
TDG,TransDigm,Industrials,Aerospace & Defense,"Cleveland, Ohio",2016/6/3,1260221,1993
TDY,Teledyne,Industrials,Aerospace & Defense,"Thousand Oaks, California",2020/6/22,1094285,1960
TECH,Bio-Techne,Health Care,Life Sciences Tools & Services,"Minneapolis, Minnesota",2021/8/30,842023,1976
TEL,TE Connectivity,Information Technology,Electronic Manufacturing Services,"Schaffhausen, Switzerland",2011/10/17,1385157,2007
TER,Teradyne,Information Technology,Semiconductor Equipment,"North Reading, Massachusetts",2020/9/21,97210,1960
TFC,Truist,Financials,Regional Banks,"Charlotte, North Carolina",1997/12/4,92230,1872
TFX,Teleflex,Health Care,Health Care Equipment,"Wayne, Pennsylvania",2019/1/18,96943,1943
TGT,Target,Consumer Discretionary,General Merchandise Stores,"Minneapolis, Minnesota",1976/12/31,27419,1902
TJX,TJX Companies,Consumer Discretionary,Apparel Retail,"Framingham, Massachusetts",1985/9/30,109198,1987
TMO,Thermo Fisher Scientific,Health Care,Life Sciences Tools & Services,"Waltham, Massachusetts",2004/8/3,97745,2006 (1902)
TMUS,T-Mobile,Communication Services,Wireless Telecommunication Services,"Bellevue, Washington",2019/7/15,1283699,1994
TPR,Tapestry,Consumer Discretionary,"Apparel, Accessories & Luxury Goods","New York City, New York",,1116132,2017
TRMB,Trimble,Information Technology,Electronic Equipment & Instruments,"Sunnyvale, California",2021/1/21,864749,1978
TROW,T. Rowe Price,Financials,Asset Management & Custody Banks,"Baltimore, Maryland",,1113169,1937
TRV,Travelers,Financials,Property & Casualty Insurance,"New York City, New York",2002/8/21,86312,1853
TSCO,Tractor Supply,Consumer Discretionary,Specialty Stores,"Brentwood, Tennessee",2014/1/24,916365,1938
TSLA,Tesla,Consumer Discretionary,Automobile Manufacturers,"Palo Alto, California",2020/12/21,1318605,2003
TSN,Tyson,Consumer Staples,Packaged Foods & Meats,"Springdale, Arkansas",2005/8/10,100493,1935
TT,Trane Technologies,Industrials,Building Products,"Dublin, Ireland",2010/11/17,1466258,1871
TTWO,Take-Two Interactive,Communication Services,Interactive Home Entertainment,"New York City, New York",2018/3/19,946581,1993
TWTR,Twitter,Communication Services,Interactive Media & Services,"San Francisco, California",2018/6/7,1418091,2006
TXN,Texas Instruments,Information Technology,Semiconductors,"Dallas, Texas",,97476,1930
TXT,Textron,Industrials,Aerospace & Defense,"Providence, Rhode Island",1978/12/31,217346,1923
TYL,Tyler Technologies,Information Technology,Application Software,"Plano, Texas",2020/6/22,860731,1966
UA,Under Armour (Class C),Consumer Discretionary,"Apparel, Accessories & Luxury Goods","Baltimore, Maryland",2016/4/8,1336917,1996
UAA,Under Armour (Class A),Consumer Discretionary,"Apparel, Accessories & Luxury Goods","Baltimore, Maryland",2014/5/1,1336917,1996
UAL,United Airlines,Industrials,Airlines,"Chicago, Illinois",2015/9/3,100517,1967
UDR,UDR,Real Estate,Residential REITs,"Highlands Ranch, Colorado",2016/3/7,74208,1972
UHS,Universal Health Services,Health Care,Health Care Facilities,"King of Prussia, Pennsylvania",2014/9/20,352915,1979
ULTA,Ulta Beauty,Consumer Discretionary,Specialty Stores,"Bolingbrook, Illinois",2016/4/18,1403568,1990
UNH,UnitedHealth Group,Health Care,Managed Health Care,"Minnetonka, Minnesota",1994/7/1,731766,1977
UNP,Union Pacific,Industrials,Railroads,"Omaha, Nebraska",1957/3/4,100885,1862
UPS,United Parcel Service,Industrials,Air Freight & Logistics,"Sandy Springs, Georgia",2002/7/22,1090727,1907
URI,United Rentals,Industrials,Trading Companies & Distributors,"Stamford, Connecticut",2014/9/20,1067701,1997
USB,U.S. Bank,Financials,Diversified Banks,"Minneapolis, Minnesota",,36104,1968
V,Visa,Information Technology,Data Processing & Outsourced Services,"San Francisco, California",2009/12/21,1403161,1958
VFC,VF Corporation,Consumer Discretionary,"Apparel, Accessories & Luxury Goods","Denver, Colorado",1979/6/30,103379,1899
VLO,Valero,Energy,Oil & Gas Refining & Marketing,"San Antonio, Texas",,1035002,1980
VMC,Vulcan Materials,Materials,Construction Materials,"Birmingham, Alabama",1999/6/30,1396009,1909
VNO,Vornado Realty Trust,Real Estate,Office REITs,"New York City, New York",2005,899689,1982
VRSK,Verisk,Industrials,Research & Consulting Services,"Jersey City, New Jersey",2015/10/8,1442145,1971
VRSN,Verisign,Information Technology,Internet Services & Infrastructure,"Dulles, Virginia",2006/2/1,1014473,1995
VRTX,Vertex,Health Care,Biotechnology,"Cambridge, Massachusetts",2013/9/23,875320,1989
VTR,Ventas,Real Estate,Health Care REITs,"Chicago, Illinois",2009/3/4,740260,1998
VTRS,Viatris,Health Care,Pharmaceuticals,"Pittsburgh, Pennsylvania",2004/4/23,1792044,1961
VZ,Verizon,Communication Services,Integrated Telecommunication Services,"New York City, New York",1983/11/30,732712,1983 (1877)
WAB,Wabtec,Industrials,Construction Machinery & Heavy Trucks,"Pittsburgh, Pennsylvania",2019/2/27,943452,1999 (1869)
WAT,Waters,Health Care,Health Care Distributors,"Milford, Massachusetts",,1000697,1958
WBA,Walgreens Boots Alliance,Consumer Staples,Drug Retail,"Deerfield, Illinois",1979/12/31,1618921,2014
WBD,Warner Bros. Discovery,Communication Services,Broadcasting,"New York City, New York",2022/4/11,1437107,2022
WDC,Western Digital,Information Technology,"Technology Hardware, Storage & Peripherals","San Jose, California",2009/7/1,106040,1970
WEC,WEC Energy Group,Utilities,Electric Utilities,"Milwaukee, Wisconsin",2008/10/31,783325,1896
WELL,Welltower,Real Estate,Health Care REITs,"Toledo, Ohio",2009/1/30,766704,1970
WFC,Wells Fargo,Financials,Diversified Banks,"San Francisco, California",1976/6/30,72971,1852
WHR,Whirlpool,Consumer Discretionary,Household Appliances,"Benton Harbor, Michigan",,106640,1911
WM,Waste Management,Industrials,Environmental & Facilities Services,"Houston, Texas",,823768,1968
WMB,Williams,Energy,Oil & Gas Storage & Transportation,"Tulsa, Oklahoma",1975/3/31,107263,1908
WMT,Walmart,Consumer Staples,Hypermarkets & Super Centers,"Bentonville, Arkansas",1982/8/31,104169,1962
WRB,Berkley,Financials,Property & Casualty Insurance,"Greenwich, Connecticut",2019/12/5,11544,1967
WRK,WestRock,Materials,Paper Packaging,"Atlanta, Georgia",,1732845,2015
WST,West Pharmaceutical Services,Health Care,Health Care Supplies,"Exton, Pennsylvania",2020/5/22,105770,1923
WTW,Willis Towers Watson,Financials,Insurance Brokers,"London, England",2016/1/5,1140536,2016
WY,Weyerhaeuser,Real Estate,Specialized REITs,"Seattle, Washington",,106535,1900
WYNN,Wynn Resorts,Consumer Discretionary,Casinos & Gaming,"Paradise, Nevada",2008/11/14,1174922,2002
XEL,Xcel Energy,Utilities,Multi-Utilities,"Minneapolis, Minnesota",1957/3/4,72903,1909
XOM,ExxonMobil,Energy,Integrated Oil & Gas,"Irving, Texas",1957/3/4,34088,1999
XRAY,Dentsply Sirona,Health Care,Health Care Supplies,"Charlotte, North Carolina",2008/11/14,818479,2016 (1969)
XYL,Xylem,Industrials,Industrial Machinery,"White Plains, New York",2011/11/1,1524472,2011
YUM,Yum! Brands,Consumer Discretionary,Restaurants,"Louisville, Kentucky",1997/10/6,1041061,1997
ZBH,Zimmer Biomet,Health Care,Health Care Equipment,"Warsaw, Indiana",2001/8/7,1136869,1927
ZBRA,Zebra,Information Technology,Electronic Equipment & Instruments,"Lincolnshire, Illinois",2019/12/23,877212,1969
ZION,Zions Bancorp,Financials,Regional Banks,"Salt Lake City, Utah",2001/6/22,109380,1873
ZTS,Zoetis,Health Care,Pharmaceuticals,"Parsippany, New Jersey",2013/6/21,1555280,1952
